{
  "project_info": {
    "project_number": "368398923855",
    "firebase_url": "https://sekritou-efd5f.firebaseio.com",
    "project_id": "sekritou-efd5f",
    "storage_bucket": "sekritou-efd5f.appspot.com"
  },
  "client": [
    {
      "client_info": {
        "mobilesdk_app_id": "1:368398923855:android:56203b85050aea79",
        "android_client_info": {
          "package_name": "com.doufa.sekritou"
        }
      },
      "oauth_client": [
        {
          "client_id": "368398923855-ck03nllv978vv3ukpa7h9bc4q21aoqmb.apps.googleusercontent.com",
          "client_type": 3
        }
      ],
      "api_key": [
        {
          "current_key": "AIzaSyA5BCrP1d1B2bdz4VZ0MoXpyDWatdgFii4"
        }
      ],
      "services": {
        "analytics_service": {
          "status": 1
        },
        "appinvite_service": {
          "status": 1,
          "other_platform_oauth_client": []
        },
        "ads_service": {
          "status": 2
        }
      }
    }
  ],
  "configuration_version": "1"
}